{
  "module_names": [
    {
      "branches": 19,
      "branches_missing": 1,
      "branches_partial": 1,
      "coverage": 92.85714285714286,
      "lines": [
        1,
        9,
        13,
        14,
        16,
        27,
        29,
        33,
        34,
        35,
        36,
        38,
        50,
        51,
        52,
        53,
        56,
        57,
        58,
        59,
        62,
        63,
        64,
        65,
        66,
        67,
        70,
        71
      ],
      "lines_not_covered": [
        66,
        67
      ],
      "module": "board",
      "sum_lines": 28,
      "sum_lines_not_covered": 2
    },
    {
      "branches": 8,
      "branches_missing": 3,
      "branches_partial": 1,
      "coverage": 80.76923076923077,
      "lines": [
        1,
        2,
        4,
        15,
        30,
        31,
        32,
        33,
        34,
        35,
        37,
        47,
        48,
        49,
        51,
        58,
        59,
        60,
        61,
        62,
        63,
        65,
        66,
        68,
        69,
        71
      ],
      "lines_not_covered": [
        59,
        60,
        61,
        62,
        63
      ],
      "module": "game",
      "sum_lines": 26,
      "sum_lines_not_covered": 5
    },
    {
      "branches": 65,
      "branches_missing": 23,
      "branches_partial": 9,
      "coverage": 74.71264367816092,
      "lines": [
        1,
        10,
        24,
        25,
        27,
        34,
        36,
        46,
        48,
        56,
        67,
        68,
        69,
        70,
        71,
        72,
        73,
        75,
        76,
        77,
        78,
        80,
        81,
        83,
        91,
        102,
        103,
        104,
        105,
        106,
        107,
        108,
        110,
        120,
        121,
        123,
        124,
        126,
        128,
        138,
        142,
        152,
        156,
        169,
        170,
        171,
        172,
        173,
        174,
        175,
        177,
        188,
        189,
        190,
        191,
        192,
        193,
        194,
        195,
        197,
        208,
        210,
        211,
        212,
        213,
        214,
        215,
        216,
        218,
        229,
        230,
        233,
        234,
        235,
        236,
        237,
        238,
        239,
        240,
        243,
        244,
        245,
        246,
        247,
        248,
        249,
        250
      ],
      "lines_not_covered": [
        71,
        78,
        104,
        105,
        106,
        107,
        108,
        120,
        121,
        123,
        124,
        126,
        138,
        152,
        234,
        236,
        240,
        244,
        247,
        248,
        249,
        250
      ],
      "module": "player",
      "sum_lines": 87,
      "sum_lines_not_covered": 22
    }
  ],
  "overall_branch_coverage": 70.65217391304348,
  "overall_branch_partial_coverage": 88.04347826086956,
  "overall_coverage": 79.43262411347517
}